stock,events,mean_spread,median_spread,episode_sigma,event_mid_change_sd,event_mid_change_autocorr_lag1,trade_event_rate,mean_trade_volume,mean_abs_l1_imbalance,mean_l1_depth
000001,159495,0.016060816953509496,0.010000000000001563,0.25222373445085494,0.005639894157709672,-0.0704683580121755,0.09445437161039531,21.10222890999718,0.23010890799730285,2321.4407975171634
000858,159495,0.08384839650145753,0.0800000000000125,0.8691718663728216,0.019435273773399927,-0.014352118153498027,0.09418477068246653,21.066491112574063,0.22777397770365665,2323.6822470923853
002415,159495,0.023608702467162034,0.020000000000003126,0.2880313167520379,0.006440576039063307,-0.053972238080424256,0.09773347126869181,21.931095018652623,0.22714841364700164,2320.0570550800967
