method,variant,episodes,pnl_mean,pnl_p05,pnl_min,negative_episode_rate,max_drawdown_mean,max_drawdown_p95,max_abs_inventory_mean,max_abs_inventory_p95,closing_abs_volume_mean,inventory_cap_touch_rate
paper_cppo,paper_cppo,132,60.66666666666402,0.0,-3.9999999999997726,0.022727272727272728,8.54545454545477,33.49999999999636,103.78787878787878,300.0,15.151515151515152,0.0
profit_ppo,profit_ppo,132,65.128787878786,0.0,-3.0000000000002274,0.015151515151515152,11.958333333333728,46.00000000001455,143.1818181818182,300.0,28.78787878787879,0.0
soft_as_low_risk_lam_0p10,soft_as,132,76.99242424242152,-4.9999999999990905,-50.99999999999977,0.09848484848484848,14.992424242424452,44.50000000000546,206.8181818181818,400.0,56.81818181818182,0.0
